ردیف,نام و مشخصات نیکوکار,شماره تماس,شماره کارت,وضعیت رفتار مالی,آخرین تاریخ واریز,تعداد واریزی در بازه,آخرین مبلغ واریزی (ریال),میانگین هر واریزی (ریال),روند تغییرات اخیر,مجموع واریزی در ۲ سال (ریال),مجموع کل سوابق (ریال)
1,شرکت های تجارتیسهامی خاص روژان صنعت البرز,---,---,نیازمند پیگیری,1404/09/26,2,"14,000,000,000","7,050,000,000",عدم واریز > ۳ ماه,"14,100,000,000","14,100,000,000"
2,دولتی مهاجرت آفرین صنایع پتروشیمی خلیج فارس,---,---,تک‌پرداخت / موردی,1404/09/12,1,"5,000,000,000","5,000,000,000",---,"5,000,000,000","5,000,000,000"
3,بابک معصوم,---,---,نیازمند پیگیری,1404/07/13,14,"250,000,000","250,000,000",عدم واریز > ۳ ماه,"3,500,000,000","8,500,000,000"
4,مهدی صنوبری,---,---,روند افزایشی,1405/06/14,13,"250,000,000","215,769,231",+72% رشد,"2,805,000,000","2,852,000,000"
5,بانک پارسیان (سود سپرده),---,---,منظم و پایدار,1405/06/04,25,"41,054,647","109,798,150",مستمر و بدون نوسان,"2,744,953,753","2,744,953,753"
6,بهنام بهرمن,ماهیانه,---,نیازمند پیگیری,1404/12/06,14,"30,000,000","149,270,714",عدم واریز > ۳ ماه,"2,089,790,000","2,359,790,000"
7,*مانا صنعت بنیان*,---,---,نیازمند پیگیری,1404/03/19,13,"200,000,000","160,000,000",عدم واریز > ۳ ماه,"2,080,000,000","2,080,000,000"
8,فرزاد فرشید,---,6221061229152840,روند افزایشی,1405/04/31,46,"40,000,000","43,108,696",+42% رشد,"1,983,000,000","4,660,691,401"
9,رضا پوررضایی,---,---,روند افزایشی,1405/05/05,22,"100,000,000","88,636,364",+20% رشد,"1,950,000,000","2,900,000,000"
10,محمد رضا پوررضایی,---,---,روند افزایشی,1405/05/05,22,"100,000,000","88,636,364",+20% رشد,"1,950,000,000","2,540,000,000"
11,واریز ناشناس (1403/11/17),---,---,تک‌پرداخت / موردی,1403/11/17,1,"1,800,000,000","1,800,000,000",---,"1,800,000,000","1,800,000,000"
12,اکبر قدس روحانی,موردی,---,تک‌پرداخت / موردی,1403/11/17,1,"1,800,000,000","1,800,000,000",---,"1,800,000,000","2,500,000,000"
13,سود بانکی,---,---,نیازمند پیگیری,1404/09/04,15,"114,981,850","99,762,317",عدم واریز > ۳ ماه,"1,496,434,752","2,196,406,486"
14,احسان خدیوی,---,6104337886949674,روند افزایشی,1405/06/06,27,"75,000,090","53,703,707",+50% رشد,"1,450,000,090","2,367,000,090"
15,مشهد صندوق قرض الحسنه شهید مظلوم به,---,---,تک‌پرداخت / موردی,1404/03/18,1,"1,000,000,000","1,000,000,000",---,"1,000,000,000","1,000,000,000"
16,سیدامین میردامادیان,---,---,تک‌پرداخت / موردی,1404/04/16,1,"1,000,000,000","1,000,000,000",---,"1,000,000,000","1,000,000,000"
17,واریز ناشناس (1405/03/24),---,---,نیکوکار جدید,1405/03/24,1,"1,000,000,000","1,000,000,000",عضویت جدید,"1,000,000,000","1,000,000,000"
18,بام بران توس,---,---,فعال,1405/05/18,6,"100,000,000","166,666,667",فعال عادی,"1,000,000,000","1,000,000,000"
19,تولیدی صنعتی ویراتک ماشین فن آور تولیدی صنعتی ویراتک ماشین فن آور,---,---,نیکوکار جدید,1405/05/28,1,"1,000,000,000","1,000,000,000",عضویت جدید,"1,000,000,000","1,000,000,000"
20,بازپرداخت وام آقای شخصی خازنی,---,---,تک‌پرداخت / موردی,1404/03/18,1,"1,000,000,000","1,000,000,000",---,"1,000,000,000","1,515,781,453"
21,رضا احتشام,---,5029381036136646,نیازمند پیگیری,1404/08/27,13,"80,000,000","64,615,385",عدم واریز > ۳ ماه,"840,000,000","1,470,000,000"
22,امیدی کاشانی فرزاد,---,---,روند افزایشی,1405/06/04,2,"500,000,000","400,000,000",+67% رشد,"800,000,000","800,000,000"
23,فیروزه فرشید,موردی,5894631233399880,منظم و پایدار,1405/06/04,23,"30,000,000","31,673,913",مستمر و بدون نوسان,"728,500,000","773,500,000"
24,محمد رکن,---,6037997136517738,نیازمند پیگیری,1405/02/10,11,"100,000,000","65,454,545",عدم واریز > ۳ ماه,"720,000,000","1,059,400,000"
25,مجتبی حسن آبادی,---,6037691526531223,منظم و پایدار,1405/05/19,33,"20,000,000","17,590,909",مستمر و بدون نوسان,"580,500,000","1,068,500,000"
26,ارتباط تصویر اشاره,---,---,تک‌پرداخت / موردی,1404/12/24,1,"500,000,000","500,000,000",---,"500,000,000","500,000,000"
27,هاشمی زاده هومن,---,---,نیکوکار جدید,1405/05/27,1,"500,000,000","500,000,000",عضویت جدید,"500,000,000","500,000,000"
28,یاسر موسوی القمی,---,---,فعال,1405/04/29,2,"250,000,000","225,000,000",فعال عادی,"450,000,000","450,000,000"
29,نوید ترشیزی ازغندی,---,---,تک‌پرداخت / موردی,1403/12/25,1,"425,000,000","425,000,000",---,"425,000,000","425,000,000"
30,حمیدرضا کهلائی,---,---,نیازمند پیگیری,1404/03/10,3,"165,000,000","128,333,333",عدم واریز > ۳ ماه,"385,000,000","385,000,000"
31,رضا کهلایی,---,---,نیازمند پیگیری,1404/03/10,3,"165,000,000","128,333,333",عدم واریز > ۳ ماه,"385,000,000","1,245,000,000"
32,واریز ناشناس (1403/10/30),---,---,تک‌پرداخت / موردی,1403/10/30,1,"360,000,000","360,000,000",---,"360,000,000","360,000,000"
33,ناشناس (کارت 6393461017902244),---,6393461017902244,روند افزایشی,1405/06/01,22,"20,000,000","15,681,818",+0% رشد,"345,000,000","345,000,000"
34,ناشناس (کارت 6037998121504475),---,6037998121504475,نیازمند پیگیری,1404/11/09,3,"92,700,000","97,566,667",عدم واریز > ۳ ماه,"292,700,000","292,700,000"
35,علی اکبر اکبرزاده,---,5894631830633582,روند افزایشی,1405/04/21,19,"20,000,000","13,684,211",+-11% رشد,"260,000,000","280,000,000"
36,محمدرضا امیرجهادی,---,---,تک‌پرداخت / موردی,1404/04/24,1,"260,000,000","260,000,000",---,"260,000,000","260,000,000"
37,ریاض اشعری استانی,---,---,تک‌پرداخت / موردی,1404/10/10,1,"250,000,000","250,000,000",---,"250,000,000","250,000,000"
38,نوروزپور علی,---,---,تک‌پرداخت / موردی,1405/02/07,1,"250,000,000","250,000,000",---,"250,000,000","250,000,000"
39,پروانه عباسی,---,---,منظم و پایدار,1405/04/30,4,"50,000,000","62,500,000",مستمر و بدون نوسان,"250,000,000","250,000,000"
40,جوکار*نگار*محمد,---,---,تک‌پرداخت / موردی,1404/02/05,1,"216,000,000","216,000,000",---,"216,000,000","216,000,000"
41,نهال نفر,---,6104337614201166,تک‌پرداخت / موردی,1404/02/05,1,"216,000,000","216,000,000",---,"216,000,000","336,000,000"
42,مریم فرجی خامنه,---,---,تک‌پرداخت / موردی,1403/07/25,1,"200,000,000","200,000,000",---,"200,000,000","200,000,000"
43,فایقه فرشید,---,---,نیازمند پیگیری,1403/08/08,2,"100,000,000","100,000,000",عدم واریز > ۳ ماه,"200,000,000","200,000,000"
44,افشین پاکزادنیا,موردی,---,تک‌پرداخت / موردی,1403/09/11,1,"200,000,000","200,000,000",---,"200,000,000","450,000,000"
45,حمید قربانی,---,6104338707084832,نیازمند پیگیری,1405/02/12,6,"30,000,000","33,333,333",عدم واریز > ۳ ماه,"200,000,000","350,000,000"
46,سمیه طاهرآبادی,---,6221061208001216,روند افزایشی,1405/05/02,24,"15,000,000","7,604,167",+39% رشد,"182,500,000","257,500,000"
47,محمدرضا/احتشام هروی/محمدناصر,---,---,نیازمند پیگیری,1404/02/09,3,"40,000,000","60,000,000",عدم واریز > ۳ ماه,"180,000,000","180,000,000"
48,مهدی دادخواه,---,6221061219707819,نیازمند پیگیری,1405/02/15,3,"100,000,000","60,000,000",عدم واریز > ۳ ماه,"180,000,000","303,400,000"
49,فرید برهان علمی,ماهیانه,6104337649628052,نیازمند پیگیری,1403/12/22,3,"7,500,000","59,166,667",عدم واریز > ۳ ماه,"177,500,000","357,500,000"
50,حسین زرنگیان,---,5057851003297345,نیازمند پیگیری,1404/05/22,8,"20,000,000","21,875,000",عدم واریز > ۳ ماه,"175,000,000","425,000,000"
51,ناشناس (کارت 6104338776673572),---,6104338776673572,روند افزایشی,1405/05/28,8,"21,000,000","21,000,000",+600% رشد,"168,000,000","168,000,000"
52,الهام صفدری,---,6037701431563847,فعال,1405/03/21,4,"90,000,000","40,000,000",فعال عادی,"160,000,000","175,000,000"
53,احسان مهاجری,---,6037697561226116,منظم و پایدار,1405/05/16,16,"20,000,000","9,875,000",مستمر و بدون نوسان,"158,000,000","246,000,000"
54,حمید قرایی,---,6037991928572944,نیازمند پیگیری,1404/08/18,2,"60,000,000","60,000,000",عدم واریز > ۳ ماه,"120,000,000","120,000,000"
55,مهسا/مشک افشان/هادی,---,---,نیکوکار جدید,1405/04/08,1,"120,000,000","120,000,000",عضویت جدید,"120,000,000","120,000,000"
56,سیدعلیرضا صداقتی هاشمیان,---,---,نیکوکار جدید,1405/05/07,1,"120,000,000","120,000,000",عضویت جدید,"120,000,000","120,000,000"
57,ناشناس (کارت 6037701193508873),---,6037701193508873,تک‌پرداخت / موردی,1403/08/06,1,"120,000,000","120,000,000",---,"120,000,000","120,000,000"
58,محمد برجسته,---,6037697598049572,نیازمند پیگیری,1404/03/19,5,"30,000,000","24,000,000",عدم واریز > ۳ ماه,"120,000,000","590,000,000"
59,داوود بامیری,---,6104337871897409,فعال,1405/04/13,6,"30,000,000","20,000,000",فعال عادی,"120,000,000","240,000,000"
60,مجید فرحمند,---,5894631563315035,روند افزایشی,1405/05/31,15,"9,000,000","7,533,333",+2% رشد,"113,000,000","113,000,000"
61,امیرحسین نوروزی,---,6037998284795894,روند افزایشی,1405/06/04,11,"10,000,000","10,000,000",+25% رشد,"110,000,000","110,000,000"
62,بهزاد امیری کاشانی,---,5859831026431972,تک‌پرداخت / موردی,1404/06/13,1,"100,000,000","100,000,000",---,"100,000,000","100,000,000"
63,شرکت یاس آریان پیشرو,---,---,تک‌پرداخت / موردی,1404/10/16,1,"100,000,000","100,000,000",---,"100,000,000","100,000,000"
64,ناشناس (کارت 5859831140345140),---,5859831140345140,نیکوکار جدید,1405/05/17,1,"100,000,000","100,000,000",عضویت جدید,"100,000,000","100,000,000"
65,ناشناس (کارت 6219861846634680),---,6219861846634680,نیکوکار جدید,1405/05/29,2,"50,000,000","50,000,000",عضویت جدید,"100,000,000","100,000,000"
66,ناشناس (کارت 6104337903018628),---,6104337903018628,تک‌پرداخت / موردی,1403/08/07,1,"100,000,000","100,000,000",---,"100,000,000","100,000,000"
67,ناشناس (کارت 6274881119575289),---,6274881119575289,تک‌پرداخت / موردی,1403/08/11,1,"100,000,000","100,000,000",---,"100,000,000","100,000,000"
68,ناشناس (کارت 6104337302637648),---,6104337302637648,تک‌پرداخت / موردی,1403/11/28,1,"100,000,000","100,000,000",---,"100,000,000","100,000,000"
69,ناشناس (کارت 6037998203337950),---,6037998203337950,تک‌پرداخت / موردی,1404/03/20,1,"100,000,000","100,000,000",---,"100,000,000","100,000,000"
70,ناشناس (کارت 6037698114841716),---,6037698114841716,تک‌پرداخت / موردی,1404/07/04,1,"100,000,000","100,000,000",---,"100,000,000","100,000,000"
71,ناشناس (کارت 5894631551748973),---,5894631551748973,تک‌پرداخت / موردی,1404/07/04,1,"100,000,000","100,000,000",---,"100,000,000","100,000,000"
72,ناشناس (کارت 5859831206455924),---,5859831206455924,تک‌پرداخت / موردی,1404/08/12,1,"100,000,000","100,000,000",---,"100,000,000","100,000,000"
73,ناشناس (کارت 5859831049368631),---,5859831049368631,تک‌پرداخت / موردی,1405/02/13,1,"100,000,000","100,000,000",---,"100,000,000","100,000,000"
74,ناشناس (کارت 6037691657242467),---,6037691657242467,تک‌پرداخت / موردی,1405/02/17,1,"100,000,000","100,000,000",---,"100,000,000","100,000,000"
75,آرش رجب پور,موردی,---,تک‌پرداخت / موردی,1403/08/11,1,"100,000,000","100,000,000",---,"100,000,000","270,000,000"
76,وجیهه محمد دوست,---,5894631598424927,نیازمند پیگیری,1403/07/03,2,"86,000,000","45,500,000",عدم واریز > ۳ ماه,"91,000,000","91,000,000"
77,ناشناس (کارت 5029081070260761),---,5029081070260761,نیازمند پیگیری,1404/07/22,2,"50,000,000","42,500,000",عدم واریز > ۳ ماه,"85,000,000","85,000,000"
78,علی آسایش,---,5859831045174744,نیازمند پیگیری,1404/05/01,2,"20,000,000","35,000,000",عدم واریز > ۳ ماه,"70,000,000","75,000,000"
79,فردین مقدم,---,---,نیازمند پیگیری,1403/12/30,3,"30,000,000","23,333,333",عدم واریز > ۳ ماه,"70,000,000","80,000,000"
80,محمدمهدی اکبرزاده,---,6274121193079712,نیازمند پیگیری,1405/02/22,5,"20,000,000","14,000,000",عدم واریز > ۳ ماه,"70,000,000","220,000,000"
81,محمدرضا صاحبکار,---,---,تک‌پرداخت / موردی,1403/12/07,1,"68,000,000","68,000,000",---,"68,000,000","68,000,000"
82,مریم محمدپور,---,---,نیازمند پیگیری,1404/10/06,4,"10,000,000","16,250,000",عدم واریز > ۳ ماه,"65,000,000","65,000,000"
83,ناشناس (کارت 6104337619456773),---,6104337619456773,تک‌پرداخت / موردی,1404/01/24,1,"63,000,000","63,000,000",---,"63,000,000","63,000,000"
84,ناشناس (کارت 6104338970034308),---,6104338970034308,نیازمند پیگیری,1404/10/03,11,"1,000,000","5,590,909",عدم واریز > ۳ ماه,"61,500,000","61,500,000"
85,ناشناس (کارت 6062561009979553),---,6062561009979553,نیکوکار جدید,1405/05/16,2,"30,000,000","30,000,000",عضویت جدید,"60,000,000","60,000,000"
86,ناشناس (کارت 6219861917039199),---,6219861917039199,تک‌پرداخت / موردی,1403/10/02,1,"60,000,000","60,000,000",---,"60,000,000","60,000,000"
87,ناشناس (کارت 5894631562827428),---,5894631562827428,تک‌پرداخت / موردی,1404/08/05,1,"60,000,000","60,000,000",---,"60,000,000","60,000,000"
88,ناشناس (کارت 5894631188115570),---,5894631188115570,تک‌پرداخت / موردی,1404/12/01,1,"60,000,000","60,000,000",---,"60,000,000","60,000,000"
89,علیرضا مولایی,---,---,تک‌پرداخت / موردی,1403/10/02,1,"60,000,000","60,000,000",---,"60,000,000","190,000,000"
90,امید عمادزاده,---,6221061225972373,نیازمند پیگیری,1404/09/02,9,"10,000,000","6,111,111",عدم واریز > ۳ ماه,"55,000,000","55,000,000"
91,ناشناس (کارت 5022291044819850),---,5022291044819850,نیازمند پیگیری,1404/05/02,4,"30,000,000","13,750,000",عدم واریز > ۳ ماه,"55,000,000","60,000,000"
92,ناشناس (کارت 6219861037044418),---,6219861037044418,نیازمند پیگیری,1404/09/15,4,"20,000,000","13,750,000",عدم واریز > ۳ ماه,"55,000,000","60,000,000"
93,عطا امیدوار,---,---,نیازمند پیگیری,1404/03/14,2,"25,000,000","27,500,000",عدم واریز > ۳ ماه,"55,000,000","82,000,000"
94,ناشناس (کارت 6063731027558155),---,6063731027558155,نیازمند پیگیری,1404/06/25,2,"3,000,000","26,500,000",عدم واریز > ۳ ماه,"53,000,000","53,000,000"
95,ناشناس (کارت 6362141811123810),---,6362141811123810,نیازمند پیگیری,1404/01/05,4,"10,000,000","13,125,000",عدم واریز > ۳ ماه,"52,500,000","52,500,000"
96,محسن/شهسوار/غلامرضا,---,---,تک‌پرداخت / موردی,1403/08/09,1,"50,000,000","50,000,000",---,"50,000,000","50,000,000"
97,هلن نصوحیان,---,---,تک‌پرداخت / موردی,1403/08/09,1,"50,000,000","50,000,000",---,"50,000,000","50,000,000"
98,ناشناس (کارت 5894631848058954),---,5894631848058954,نیکوکار جدید,1405/05/24,1,"50,000,000","50,000,000",عضویت جدید,"50,000,000","50,000,000"
99,ناشناس (کارت 5859831032675802),---,5859831032675802,تک‌پرداخت / موردی,1403/06/15,1,"50,000,000","50,000,000",---,"50,000,000","50,000,000"
100,ناشناس (کارت 5892101568506279),---,5892101568506279,تک‌پرداخت / موردی,1403/07/29,1,"50,000,000","50,000,000",---,"50,000,000","50,000,000"
101,ناشناس (کارت 6104337210060321),---,6104337210060321,تک‌پرداخت / موردی,1403/08/08,1,"50,000,000","50,000,000",---,"50,000,000","50,000,000"
102,ناشناس (کارت 6104338650115161),---,6104338650115161,تک‌پرداخت / موردی,1403/08/09,1,"50,000,000","50,000,000",---,"50,000,000","50,000,000"
103,ناشناس (کارت 5022291314471432),---,5022291314471432,تک‌پرداخت / موردی,1403/08/09,1,"50,000,000","50,000,000",---,"50,000,000","50,000,000"
104,ناشناس (کارت 6037991713854929),---,6037991713854929,تک‌پرداخت / موردی,1403/08/09,1,"50,000,000","50,000,000",---,"50,000,000","50,000,000"
105,ناشناس (کارت 6219861066584052),---,6219861066584052,تک‌پرداخت / موردی,1403/08/10,1,"50,000,000","50,000,000",---,"50,000,000","50,000,000"
106,ناشناس (کارت 5859831054583587),---,5859831054583587,تک‌پرداخت / موردی,1403/09/21,1,"50,000,000","50,000,000",---,"50,000,000","50,000,000"
107,ناشناس (کارت 6104337962645477),---,6104337962645477,تک‌پرداخت / موردی,1404/03/20,1,"50,000,000","50,000,000",---,"50,000,000","50,000,000"
108,ناشناس (کارت 6037691551703564),---,6037691551703564,تک‌پرداخت / موردی,1404/07/04,1,"50,000,000","50,000,000",---,"50,000,000","50,000,000"
109,ناشناس (کارت 5894631543100333),---,5894631543100333,تک‌پرداخت / موردی,1405/01/08,1,"50,000,000","50,000,000",---,"50,000,000","50,000,000"
110,ناشناس (کارت 5022291088660582),---,5022291088660582,تک‌پرداخت / موردی,1405/02/21,1,"50,000,000","50,000,000",---,"50,000,000","50,000,000"
111,ناشناس (کارت 6219861842431420),---,6219861842431420,نیکوکار جدید,1405/03/09,1,"50,000,000","50,000,000",عضویت جدید,"50,000,000","50,000,000"
112,فائزه فرشید,---,---,تک‌پرداخت / موردی,1403/08/07,1,"50,000,000","50,000,000",---,"50,000,000","55,000,000"
113,فرهنگ بهلول,---,6221061079430403,روند افزایشی,1405/06/04,7,"10,000,000","7,142,857",+25% رشد,"50,000,000","111,000,000"
114,آزاده آرین,---,6219861908259798,نیازمند پیگیری,1404/04/24,2,"25,000,000","22,500,000",عدم واریز > ۳ ماه,"45,000,000","45,000,000"
115,ناشناس (کارت 5894631185411972),---,5894631185411972,تک‌پرداخت / موردی,1403/07/09,1,"45,000,000","45,000,000",---,"45,000,000","45,000,000"
116,ناشناس (کارت 6104338944218458),---,6104338944218458,روند افزایشی,1405/04/25,2,"30,000,000","22,500,000",+100% رشد,"45,000,000","75,000,000"
117,فاطمه فرشید,---,6037991926096490,نیازمند پیگیری,1405/02/12,5,"2,000,000","8,800,000",عدم واریز > ۳ ماه,"44,000,000","44,000,000"
118,حمید صاحبکار,---,6219861942053173,نیازمند پیگیری,1404/09/15,4,"14,200,000","10,775,000",عدم واریز > ۳ ماه,"43,100,000","43,100,000"
119,شروین مهاجرسلطانی,---,---,تک‌پرداخت / موردی,1403/08/09,1,"40,000,000","40,000,000",---,"40,000,000","40,000,000"
120,نادری*عطیه*محمدتقی,---,---,تک‌پرداخت / موردی,1404/04/18,1,"40,000,000","40,000,000",---,"40,000,000","40,000,000"
121,ناشناس (کارت 5859471010618639),---,5859471010618639,نیازمند پیگیری,1403/08/08,2,"10,000,000","20,000,000",عدم واریز > ۳ ماه,"40,000,000","40,000,000"
122,ناشناس (کارت 6104338951938584),---,6104338951938584,تک‌پرداخت / موردی,1403/08/09,1,"40,000,000","40,000,000",---,"40,000,000","40,000,000"
123,ناشناس (کارت 5859831040181827),---,5859831040181827,تک‌پرداخت / موردی,1403/08/11,1,"40,000,000","40,000,000",---,"40,000,000","40,000,000"
124,ناشناس (کارت 6104337325084265),---,6104337325084265,تک‌پرداخت / موردی,1403/11/30,1,"40,000,000","40,000,000",---,"40,000,000","40,000,000"
125,ناشناس (کارت 6219861022276942),---,6219861022276942,نیازمند پیگیری,1403/12/24,2,"10,000,000","20,000,000",عدم واریز > ۳ ماه,"40,000,000","55,000,000"
126,ناشناس (کارت 6219861024434416),---,6219861024434416,نیازمند پیگیری,1403/12/25,2,"20,000,000","20,000,000",عدم واریز > ۳ ماه,"40,000,000","45,000,000"
127,ناشناس (کارت 6037997487372600),---,6037997487372600,تک‌پرداخت / موردی,1403/12/26,1,"40,000,000","40,000,000",---,"40,000,000","40,000,000"
128,ناشناس (کارت 6037691664860855),---,6037691664860855,تک‌پرداخت / موردی,1404/05/09,1,"40,000,000","40,000,000",---,"40,000,000","40,000,000"
129,حسن گلستانی,---,5022291308274941,نیازمند پیگیری,1404/08/13,10,"5,000,000","4,000,000",عدم واریز > ۳ ماه,"40,000,000","67,000,000"
130,حمید شاه حسینی,---,---,نیازمند پیگیری,1403/12/24,2,"10,000,000","20,000,000",عدم واریز > ۳ ماه,"40,000,000","75,000,000"
131,محمد موسوی,---,---,تک‌پرداخت / موردی,1404/06/01,1,"40,000,000","40,000,000",---,"40,000,000","95,000,000"
132,ناشناس (کارت 6104337954668552),---,6104337954668552,تک‌پرداخت / موردی,1403/11/28,1,"35,000,000","35,000,000",---,"35,000,000","35,000,000"
133,ناشناس (کارت 5859831202663190),---,5859831202663190,نیازمند پیگیری,1404/01/16,2,"30,000,000","17,500,000",عدم واریز > ۳ ماه,"35,000,000","65,000,000"
134,ناشناس (کارت 6393461017902061),---,6393461017902061,فعال,1405/03/02,2,"20,000,000","17,500,000",فعال عادی,"35,000,000","35,000,000"
135,مهندس میربلوک,---,---,تک‌پرداخت / موردی,1403/09/23,1,"35,000,000","35,000,000",---,"35,000,000","70,000,000"
136,مسعود مهدیزاده,---,6362141808896493,نیازمند پیگیری,1404/01/16,2,"30,000,000","17,500,000",عدم واریز > ۳ ماه,"35,000,000","108,333,333"
137,ناشناس (کارت 6104337758811143),---,6104337758811143,تک‌پرداخت / موردی,1405/02/16,1,"32,000,000","32,000,000",---,"32,000,000","67,000,000"
138,شاهین شیرنگی,---,---,تک‌پرداخت / موردی,1404/06/27,1,"31,500,000","31,500,000",---,"31,500,000","31,500,000"
139,مهرداد باقری,---,5894631232257345,تک‌پرداخت / موردی,1404/07/21,1,"30,000,000","30,000,000",---,"30,000,000","30,000,000"
140,طاهره سلیمانی,---,---,نیازمند پیگیری,1404/05/03,2,"10,000,000","15,000,000",عدم واریز > ۳ ماه,"30,000,000","30,000,000"
141,ناشناس (کارت 6037991212303402),---,6037991212303402,نیکوکار جدید,1405/04/15,1,"30,000,000","30,000,000",عضویت جدید,"30,000,000","30,000,000"
142,ناشناس (کارت 6037697410857863),---,6037697410857863,نیکوکار جدید,1405/05/19,1,"30,000,000","30,000,000",عضویت جدید,"30,000,000","30,000,000"
143,ناشناس (کارت 6219861904629952),---,6219861904629952,تک‌پرداخت / موردی,1403/07/29,1,"30,000,000","30,000,000",---,"30,000,000","35,000,000"
144,ناشناس (کارت 5022291329496739),---,5022291329496739,تک‌پرداخت / موردی,1403/08/10,1,"30,000,000","30,000,000",---,"30,000,000","30,000,000"
145,ناشناس (کارت 6104338659016584),---,6104338659016584,تک‌پرداخت / موردی,1403/08/12,1,"30,000,000","30,000,000",---,"30,000,000","30,000,000"
146,ناشناس (کارت 6221061103550127),---,6221061103550127,تک‌پرداخت / موردی,1403/08/21,1,"30,000,000","30,000,000",---,"30,000,000","30,000,000"
147,ناشناس (کارت 6274121203169529),---,6274121203169529,فعال,1405/05/20,2,"20,000,000","15,000,000",فعال عادی,"30,000,000","30,000,000"
148,ناشناس (کارت 6274121171324601),---,6274121171324601,تک‌پرداخت / موردی,1403/11/27,1,"30,000,000","30,000,000",---,"30,000,000","30,000,000"
149,ناشناس (کارت 6104338731739385),---,6104338731739385,تک‌پرداخت / موردی,1403/11/28,1,"30,000,000","30,000,000",---,"30,000,000","30,000,000"
150,ناشناس (کارت 5022291314323971),---,5022291314323971,تک‌پرداخت / موردی,1403/11/29,1,"30,000,000","30,000,000",---,"30,000,000","30,000,000"
151,ناشناس (کارت 6104338759556109),---,6104338759556109,تک‌پرداخت / موردی,1403/12/20,1,"30,000,000","30,000,000",---,"30,000,000","30,000,000"
152,ناشناس (کارت 5859831828865153),---,5859831828865153,تک‌پرداخت / موردی,1403/12/30,1,"30,000,000","30,000,000",---,"30,000,000","30,000,000"
153,ناشناس (کارت 5022291306329978),---,5022291306329978,تک‌پرداخت / موردی,1404/02/30,1,"30,000,000","30,000,000",---,"30,000,000","30,000,000"
154,ناشناس (کارت 6362141109311432),---,6362141109311432,تک‌پرداخت / موردی,1404/04/21,1,"30,000,000","30,000,000",---,"30,000,000","30,000,000"
155,خانم امین آقایی,موردی,---,تک‌پرداخت / موردی,1403/08/21,1,"30,000,000","30,000,000",---,"30,000,000","40,000,000"
156,تینا یعقوبی,---,6219861925066325,نیازمند پیگیری,1404/11/29,6,"6,000,000","4,666,667",عدم واریز > ۳ ماه,"28,000,000","28,000,000"
157,ناشناس (کارت 6037697629678241),---,6037697629678241,تک‌پرداخت / موردی,1403/09/04,1,"25,300,000","25,300,000",---,"25,300,000","25,300,000"
158,ناشناس (کارت 5041721075190364),---,5041721075190364,تک‌پرداخت / موردی,1403/12/20,1,"25,000,000","25,000,000",---,"25,000,000","25,000,000"
159,ناشناس (کارت 6274121154631030),---,6274121154631030,تک‌پرداخت / موردی,1404/03/14,1,"25,000,000","25,000,000",---,"25,000,000","25,000,000"
160,مسعود توکلی,---,6104338946796501,نیازمند پیگیری,1404/02/13,2,"15,000,000","11,500,000",عدم واریز > ۳ ماه,"23,000,000","33,000,000"
161,ناشناس (کارت 5047061088606179),---,5047061088606179,تک‌پرداخت / موردی,1403/10/04,1,"23,000,000","23,000,000",---,"23,000,000","23,000,000"
162,ناشناس (کارت 6221061079691954),---,6221061079691954,روند افزایشی,1405/04/23,2,"20,000,000","11,500,000",+567% رشد,"23,000,000","23,000,000"
163,رضا دانشمند,---,6219861986887288,نیازمند پیگیری,1404/05/07,2,"20,000,000","11,500,000",عدم واریز > ۳ ماه,"23,000,000","48,000,000"
164,ناشناس (کارت 5054161014508034),---,5054161014508034,نیازمند پیگیری,1404/10/22,4,"5,000,000","5,500,000",عدم واریز > ۳ ماه,"22,000,000","22,000,000"
165,صفایی*محمد مهدی*رحیم,---,---,تک‌پرداخت / موردی,1403/08/10,1,"20,000,000","20,000,000",---,"20,000,000","20,000,000"
166,ناشناس (کارت 5022291077354155),---,5022291077354155,تک‌پرداخت / موردی,1403/08/09,1,"20,000,000","20,000,000",---,"20,000,000","20,000,000"
167,ناشناس (کارت 5022291005448046),---,5022291005448046,تک‌پرداخت / موردی,1403/08/09,1,"20,000,000","20,000,000",---,"20,000,000","20,000,000"
168,ناشناس (کارت 5022291049604364),---,5022291049604364,تک‌پرداخت / موردی,1403/08/09,1,"20,000,000","20,000,000",---,"20,000,000","20,000,000"
169,ناشناس (کارت 6037997169180438),---,6037997169180438,تک‌پرداخت / موردی,1403/08/10,1,"20,000,000","20,000,000",---,"20,000,000","20,000,000"
170,ناشناس (کارت 5859831141818509),---,5859831141818509,تک‌پرداخت / موردی,1403/11/28,1,"20,000,000","20,000,000",---,"20,000,000","20,000,000"
171,ناشناس (کارت 6037697473816541),---,6037697473816541,تک‌پرداخت / موردی,1403/12/24,1,"20,000,000","20,000,000",---,"20,000,000","20,000,000"
172,ناشناس (کارت 5022291039323694),---,5022291039323694,تک‌پرداخت / موردی,1403/12/25,1,"20,000,000","20,000,000",---,"20,000,000","50,000,000"
173,ناشناس (کارت 6104337402601130),---,6104337402601130,تک‌پرداخت / موردی,1403/12/27,1,"20,000,000","20,000,000",---,"20,000,000","30,000,000"
174,ناشناس (کارت 5894631140033804),---,5894631140033804,تک‌پرداخت / موردی,1404/01/05,1,"20,000,000","20,000,000",---,"20,000,000","20,000,000"
175,ناشناس (کارت 6037997494110696),---,6037997494110696,تک‌پرداخت / موردی,1404/01/14,1,"20,000,000","20,000,000",---,"20,000,000","20,000,000"
176,ناشناس (کارت 5894631542153523),---,5894631542153523,تک‌پرداخت / موردی,1404/03/07,1,"20,000,000","20,000,000",---,"20,000,000","20,000,000"
177,ناشناس (کارت 5859831221953101),---,5859831221953101,تک‌پرداخت / موردی,1404/05/03,1,"20,000,000","20,000,000",---,"20,000,000","20,000,000"
178,ناشناس (کارت 5041721071955224),---,5041721071955224,تک‌پرداخت / موردی,1404/06/25,1,"20,000,000","20,000,000",---,"20,000,000","20,000,000"
179,ناشناس (کارت 6037997228805629),---,6037997228805629,نیازمند پیگیری,1404/07/01,2,"10,000,000","10,000,000",عدم واریز > ۳ ماه,"20,000,000","55,000,000"
180,ناشناس (کارت 5022291044919304),---,5022291044919304,نیازمند پیگیری,1404/08/05,2,"10,000,000","10,000,000",عدم واریز > ۳ ماه,"20,000,000","60,000,000"
181,ناشناس (کارت 6104337666483175),---,6104337666483175,تک‌پرداخت / موردی,1404/11/29,1,"20,000,000","20,000,000",---,"20,000,000","20,000,000"
182,ناشناس (کارت 6037997137435617),---,6037997137435617,تک‌پرداخت / موردی,1405/02/01,1,"20,000,000","20,000,000",---,"20,000,000","20,000,000"
183,ناشناس (کارت 6037991237447333),---,6037991237447333,نیکوکار جدید,1405/04/05,2,"10,000,000","10,000,000",عضویت جدید,"20,000,000","20,000,000"
184,هومن طهرانی,---,---,تک‌پرداخت / موردی,1404/01/14,1,"20,000,000","20,000,000",---,"20,000,000","25,000,000"
185,هدی کاشی,---,---,تک‌پرداخت / موردی,1403/08/09,1,"20,000,000","20,000,000",---,"20,000,000","30,000,000"
186,محمود زارعیان,---,---,نیازمند پیگیری,1404/07/01,2,"10,000,000","10,000,000",عدم واریز > ۳ ماه,"20,000,000","58,000,000"
187,ناشناس (کارت 6396071231809732),---,6396071231809732,تک‌پرداخت / موردی,1404/05/05,1,"16,000,000","16,000,000",---,"16,000,000","16,000,000"
188,مسعود کریمائی,---,---,تک‌پرداخت / موردی,1404/07/20,1,"15,000,000","15,000,000",---,"15,000,000","15,000,000"
189,مسعود راسترو,---,---,تک‌پرداخت / موردی,1404/07/20,1,"15,000,000","15,000,000",---,"15,000,000","15,000,000"
190,ناشناس (کارت 6277601390318911),---,6277601390318911,نیکوکار جدید,1405/06/01,1,"15,000,000","15,000,000",عضویت جدید,"15,000,000","15,000,000"
191,ناشناس (کارت 6219861046690359),---,6219861046690359,تک‌پرداخت / موردی,1403/08/09,1,"15,000,000","15,000,000",---,"15,000,000","15,000,000"
192,ناشناس (کارت 6104337839017553),---,6104337839017553,تک‌پرداخت / موردی,1403/08/10,1,"15,000,000","15,000,000",---,"15,000,000","15,000,000"
193,ناشناس (کارت 5859471024213096),---,5859471024213096,تک‌پرداخت / موردی,1403/08/10,1,"15,000,000","15,000,000",---,"15,000,000","15,000,000"
194,ناشناس (کارت 6037998249243006),---,6037998249243006,تک‌پرداخت / موردی,1403/08/10,1,"15,000,000","15,000,000",---,"15,000,000","30,000,000"
195,ناشناس (کارت 6037701144230171),---,6037701144230171,تک‌پرداخت / موردی,1403/10/30,1,"15,000,000","15,000,000",---,"15,000,000","15,000,000"
196,ناشناس (کارت 6219861076504058),---,6219861076504058,تک‌پرداخت / موردی,1403/12/03,1,"15,000,000","15,000,000",---,"15,000,000","15,000,000"
197,ناشناس (کارت 5022291315280055),---,5022291315280055,تک‌پرداخت / موردی,1403/12/24,1,"15,000,000","15,000,000",---,"15,000,000","15,000,000"
198,ناشناس (کارت 6063731232239906),---,6063731232239906,تک‌پرداخت / موردی,1404/02/02,1,"15,000,000","15,000,000",---,"15,000,000","15,000,000"
199,ناشناس (کارت 5859831004542550),---,5859831004542550,تک‌پرداخت / موردی,1404/07/19,1,"15,000,000","15,000,000",---,"15,000,000","15,000,000"
200,ناشناس (کارت 6274121163749526),---,6274121163749526,تک‌پرداخت / موردی,1404/07/19,1,"15,000,000","15,000,000",---,"15,000,000","15,000,000"
201,ناشناس (کارت 6274121191298033),---,6274121191298033,تک‌پرداخت / موردی,1404/07/19,1,"15,000,000","15,000,000",---,"15,000,000","15,000,000"
202,ناشناس (کارت 6221061209266461),---,6221061209266461,تک‌پرداخت / موردی,1404/07/19,1,"15,000,000","15,000,000",---,"15,000,000","15,000,000"
203,ناشناس (کارت 5022291314526235),---,5022291314526235,تک‌پرداخت / موردی,1404/07/20,1,"15,000,000","15,000,000",---,"15,000,000","15,000,000"
204,ناشناس (کارت 6221061102874221),---,6221061102874221,تک‌پرداخت / موردی,1404/07/30,1,"15,000,000","15,000,000",---,"15,000,000","15,000,000"
205,ناشناس (کارت 6037691160375259),---,6037691160375259,تک‌پرداخت / موردی,1404/07/30,1,"15,000,000","15,000,000",---,"15,000,000","15,000,000"
206,مرضیه واعظی,---,6037991930237312,تک‌پرداخت / موردی,1404/07/13,1,"15,000,000","15,000,000",---,"15,000,000","26,000,000"
207,مهدی زاده,---,---,تک‌پرداخت / موردی,1405/02/14,1,"13,000,000","13,000,000",---,"13,000,000","13,000,000"
208,ناشناس (کارت 6037998272294371),---,6037998272294371,نیازمند پیگیری,1403/09/20,2,"3,000,000","6,500,000",عدم واریز > ۳ ماه,"13,000,000","13,000,000"
209,مهناز سادات رباط,---,6037691597612225,نیازمند پیگیری,1403/11/02,4,"3,000,000","3,000,000",عدم واریز > ۳ ماه,"12,000,000","12,000,000"
210,ناشناس (کارت 5859831183098762),---,5859831183098762,تک‌پرداخت / موردی,1403/08/09,1,"12,000,000","12,000,000",---,"12,000,000","12,000,000"
211,ناشناس (کارت 6219861880082754),---,6219861880082754,نیکوکار جدید,1405/04/19,2,"1,000,000","5,500,000",عضویت جدید,"11,000,000","11,000,000"
212,واریز ناشناس (1403/08/01),---,---,تک‌پرداخت / موردی,1403/08/01,1,"10,502,400","10,502,400",---,"10,502,400","10,502,400"
213,واریز ناشناس (1403/08/16),---,---,تک‌پرداخت / موردی,1403/08/16,1,"10,002,400","10,002,400",---,"10,002,400","10,002,400"
214,سیامک ابراهیمی,---,5859831102479226,تک‌پرداخت / موردی,1404/05/05,1,"10,000,000","10,000,000",---,"10,000,000","16,000,000"
215,ناشناس (کارت 5022291067349306),---,5022291067349306,تک‌پرداخت / موردی,1403/06/27,1,"10,000,000","10,000,000",---,"10,000,000","10,000,000"
216,ناشناس (کارت 5894631213490956),---,5894631213490956,تک‌پرداخت / موردی,1403/06/29,1,"10,000,000","10,000,000",---,"10,000,000","10,000,000"
217,ناشناس (کارت 6104337526619471),---,6104337526619471,تک‌پرداخت / موردی,1403/07/29,1,"10,000,000","10,000,000",---,"10,000,000","10,000,000"
218,ناشناس (کارت 6037697635748251),---,6037697635748251,تک‌پرداخت / موردی,1403/08/08,1,"10,000,000","10,000,000",---,"10,000,000","10,000,000"
219,ناشناس (کارت 6274121193058252),---,6274121193058252,تک‌پرداخت / موردی,1403/08/09,1,"10,000,000","10,000,000",---,"10,000,000","10,000,000"
220,ناشناس (کارت 5859471010730582),---,5859471010730582,تک‌پرداخت / موردی,1403/08/09,1,"10,000,000","10,000,000",---,"10,000,000","10,000,000"
221,ناشناس (کارت 6362141117041518),---,6362141117041518,تک‌پرداخت / موردی,1403/08/10,1,"10,000,000","10,000,000",---,"10,000,000","10,000,000"
222,ناشناس (کارت 6104337799527971),---,6104337799527971,تک‌پرداخت / موردی,1403/08/10,1,"10,000,000","10,000,000",---,"10,000,000","10,000,000"
223,ناشناس (کارت 6219861991263103),---,6219861991263103,تک‌پرداخت / موردی,1403/08/11,1,"10,000,000","10,000,000",---,"10,000,000","10,000,000"
224,ناشناس (کارت 6219861962797196),---,6219861962797196,تک‌پرداخت / موردی,1403/08/11,1,"10,000,000","10,000,000",---,"10,000,000","10,000,000"
225,ناشناس (کارت 5022291045380738),---,5022291045380738,تک‌پرداخت / موردی,1403/08/11,1,"10,000,000","10,000,000",---,"10,000,000","10,000,000"
226,ناشناس (کارت 6219861964077647),---,6219861964077647,تک‌پرداخت / موردی,1403/08/15,1,"10,000,000","10,000,000",---,"10,000,000","16,000,000"
227,ناشناس (کارت 6219861936523009),---,6219861936523009,تک‌پرداخت / موردی,1403/11/27,1,"10,000,000","10,000,000",---,"10,000,000","10,000,000"
228,ناشناس (کارت 6274121206928640),---,6274121206928640,تک‌پرداخت / موردی,1403/11/28,1,"10,000,000","10,000,000",---,"10,000,000","10,000,000"
229,ناشناس (کارت 6037691546829268),---,6037691546829268,تک‌پرداخت / موردی,1403/11/28,1,"10,000,000","10,000,000",---,"10,000,000","10,000,000"
230,ناشناس (کارت 5047061089697953),---,5047061089697953,تک‌پرداخت / موردی,1403/11/29,1,"10,000,000","10,000,000",---,"10,000,000","10,000,000"
231,ناشناس (کارت 6037997241725937),---,6037997241725937,تک‌پرداخت / موردی,1403/11/29,1,"10,000,000","10,000,000",---,"10,000,000","10,000,000"
232,ناشناس (کارت 5041721201484301),---,5041721201484301,تک‌پرداخت / موردی,1403/11/29,1,"10,000,000","10,000,000",---,"10,000,000","10,000,000"
233,ناشناس (کارت 6104337516595707),---,6104337516595707,تک‌پرداخت / موردی,1403/11/30,1,"10,000,000","10,000,000",---,"10,000,000","10,000,000"
234,ناشناس (کارت 6104337600688616),---,6104337600688616,تک‌پرداخت / موردی,1403/12/02,1,"10,000,000","10,000,000",---,"10,000,000","10,000,000"
235,ناشناس (کارت 5029381062211750),---,5029381062211750,تک‌پرداخت / موردی,1404/02/03,1,"10,000,000","10,000,000",---,"10,000,000","10,000,000"
236,ناشناس (کارت 5892101581676240),---,5892101581676240,تک‌پرداخت / موردی,1404/02/19,1,"10,000,000","10,000,000",---,"10,000,000","10,000,000"
237,ناشناس (کارت 6037997408951649),---,6037997408951649,تک‌پرداخت / موردی,1404/06/08,1,"10,000,000","10,000,000",---,"10,000,000","10,000,000"
238,ناشناس (کارت 6037701562089331),---,6037701562089331,تک‌پرداخت / موردی,1404/09/03,1,"10,000,000","10,000,000",---,"10,000,000","10,000,000"
239,ناشناس (کارت 6104338695142980),---,6104338695142980,تک‌پرداخت / موردی,1404/10/12,1,"10,000,000","10,000,000",---,"10,000,000","10,000,000"
240,ناشناس (کارت 6063731168901321),---,6063731168901321,تک‌پرداخت / موردی,1405/02/12,1,"10,000,000","10,000,000",---,"10,000,000","10,000,000"
241,ناشناس (کارت 5029381064974918),---,5029381064974918,تک‌پرداخت / موردی,1405/02/25,1,"10,000,000","10,000,000",---,"10,000,000","10,000,000"
242,امید امینیان,---,6104337956006173,نیازمند پیگیری,1403/07/06,2,"5,000,000","5,000,000",عدم واریز > ۳ ماه,"10,000,000","185,000,000"
243,واریز ناشناس (1403/08/01),---,---,تک‌پرداخت / موردی,1403/08/01,1,"9,252,400","9,252,400",---,"9,252,400","9,252,400"
244,واریز ناشناس (1403/08/16),---,---,تک‌پرداخت / موردی,1403/08/16,1,"9,252,400","9,252,400",---,"9,252,400","9,252,400"
245,ناشناس (کارت 5892101442734428),---,5892101442734428,نیازمند پیگیری,1403/08/04,2,"6,000,000","4,250,000",عدم واریز > ۳ ماه,"8,500,000","11,500,000"
246,بی بی نرجس صدرالسادات,---,6037691667470785,نیازمند پیگیری,1404/06/29,2,"4,000,000","3,500,000",عدم واریز > ۳ ماه,"7,000,000","7,000,000"
247,تاج خاتون رگ,---,6219861937222502,منظم و پایدار,1405/03/12,13,"1,000,000","515,385",مستمر و بدون نوسان,"6,700,000","6,700,000"
248,ناشناس (کارت 6277601284188545),---,6277601284188545,تک‌پرداخت / موردی,1403/08/11,1,"6,000,000","6,000,000",---,"6,000,000","6,000,000"
249,ناشناس (کارت 6037997384907623),---,6037997384907623,نیازمند پیگیری,1403/12/05,2,"3,000,000","3,000,000",عدم واریز > ۳ ماه,"6,000,000","6,000,000"
250,ناشناس (کارت 5022291305326314),---,5022291305326314,نیکوکار جدید,1405/06/01,5,"1,000,000","1,100,000",عضویت جدید,"5,500,000","5,500,000"
251,الهام اخوندزاده علمداری,---,---,تک‌پرداخت / موردی,1403/08/05,1,"5,000,000","5,000,000",---,"5,000,000","5,000,000"
252,رسول تجددیان فر,---,---,تک‌پرداخت / موردی,1403/12/24,1,"5,000,000","5,000,000",---,"5,000,000","5,000,000"
253,عاطفه سادات زیارت نیا,---,---,تک‌پرداخت / موردی,1405/01/12,1,"5,000,000","5,000,000",---,"5,000,000","5,000,000"
254,ناشناس (کارت 5894631576410989),---,5894631576410989,نیکوکار جدید,1405/05/27,1,"5,000,000","5,000,000",عضویت جدید,"5,000,000","5,000,000"
255,ناشناس (کارت 6037997374524636),---,6037997374524636,تک‌پرداخت / موردی,1403/06/31,1,"5,000,000","5,000,000",---,"5,000,000","5,000,000"
256,ناشناس (کارت 5022291092825221),---,5022291092825221,تک‌پرداخت / موردی,1403/08/01,1,"5,000,000","5,000,000",---,"5,000,000","5,000,000"
257,ناشناس (کارت 6037997369346714),---,6037997369346714,تک‌پرداخت / موردی,1403/08/01,1,"5,000,000","5,000,000",---,"5,000,000","5,000,000"
258,ناشناس (کارت 5054161016724654),---,5054161016724654,تک‌پرداخت / موردی,1403/08/09,1,"5,000,000","5,000,000",---,"5,000,000","5,000,000"
259,ناشناس (کارت 6362141100949214),---,6362141100949214,تک‌پرداخت / موردی,1403/08/09,1,"5,000,000","5,000,000",---,"5,000,000","5,000,000"
260,ناشناس (کارت 6037691625598594),---,6037691625598594,تک‌پرداخت / موردی,1403/08/11,1,"5,000,000","5,000,000",---,"5,000,000","5,000,000"
261,ناشناس (کارت 5859831236954557),---,5859831236954557,تک‌پرداخت / موردی,1403/11/28,1,"5,000,000","5,000,000",---,"5,000,000","5,000,000"
262,ناشناس (کارت 5892101515531685),---,5892101515531685,تک‌پرداخت / موردی,1403/11/30,1,"5,000,000","5,000,000",---,"5,000,000","5,000,000"
263,ناشناس (کارت 6219861078284824),---,6219861078284824,تک‌پرداخت / موردی,1403/12/02,1,"5,000,000","5,000,000",---,"5,000,000","5,000,000"
264,ناشناس (کارت 6104337886149192),---,6104337886149192,تک‌پرداخت / موردی,1403/12/02,1,"5,000,000","5,000,000",---,"5,000,000","5,000,000"
265,ناشناس (کارت 6104337888569884),---,6104337888569884,تک‌پرداخت / موردی,1403/12/04,1,"5,000,000","5,000,000",---,"5,000,000","5,000,000"
266,ناشناس (کارت 6274121172310096),---,6274121172310096,تک‌پرداخت / موردی,1403/12/01,1,"4,000,000","4,000,000",---,"4,000,000","4,000,000"
267,معصومه بلوچ زهی,---,---,تک‌پرداخت / موردی,1403/11/30,1,"3,000,000","3,000,000",---,"3,000,000","3,000,000"
268,ناشناس (کارت 6037691659960389),---,6037691659960389,تک‌پرداخت / موردی,1403/08/04,1,"3,000,000","3,000,000",---,"3,000,000","3,000,000"
269,ناشناس (کارت 5894631126974443),---,5894631126974443,تک‌پرداخت / موردی,1403/08/04,1,"3,000,000","3,000,000",---,"3,000,000","3,000,000"
270,ناشناس (کارت 6219861060861621),---,6219861060861621,تک‌پرداخت / موردی,1403/08/04,1,"3,000,000","3,000,000",---,"3,000,000","3,000,000"
271,ناشناس (کارت 6221061213021852),---,6221061213021852,تک‌پرداخت / موردی,1403/08/04,1,"3,000,000","3,000,000",---,"3,000,000","3,000,000"
272,ناشناس (کارت 6037997321576929),---,6037997321576929,تک‌پرداخت / موردی,1403/08/11,1,"3,000,000","3,000,000",---,"3,000,000","3,000,000"
273,ناشناس (کارت 6063731098406763),---,6063731098406763,تک‌پرداخت / موردی,1403/11/27,1,"3,000,000","3,000,000",---,"3,000,000","3,000,000"
274,ناشناس (کارت 6277601331077402),---,6277601331077402,تک‌پرداخت / موردی,1403/11/27,1,"3,000,000","3,000,000",---,"3,000,000","3,000,000"
275,ناشناس (کارت 6274121189141187),---,6274121189141187,تک‌پرداخت / موردی,1403/11/28,1,"3,000,000","3,000,000",---,"3,000,000","3,000,000"
276,ناشناس (کارت 6037991755770819),---,6037991755770819,تک‌پرداخت / موردی,1403/11/29,1,"3,000,000","3,000,000",---,"3,000,000","3,000,000"
277,ناشناس (کارت 6104338654322037),---,6104338654322037,تک‌پرداخت / موردی,1403/11/29,1,"3,000,000","3,000,000",---,"3,000,000","3,000,000"
278,ناشناس (کارت 6274121163732381),---,6274121163732381,تک‌پرداخت / موردی,1403/12/02,1,"3,000,000","3,000,000",---,"3,000,000","3,000,000"
279,ناشناس (کارت 6037691578760811),---,6037691578760811,تک‌پرداخت / موردی,1403/12/03,1,"3,000,000","3,000,000",---,"3,000,000","3,000,000"
280,ناشناس (کارت 5859471010710881),---,5859471010710881,تک‌پرداخت / موردی,1403/12/08,1,"3,000,000","3,000,000",---,"3,000,000","3,000,000"
281,ناشناس (کارت 6063731141161555),---,6063731141161555,تک‌پرداخت / موردی,1403/12/10,1,"3,000,000","3,000,000",---,"3,000,000","3,000,000"
282,ناشناس (کارت 6037998136967147),---,6037998136967147,تک‌پرداخت / موردی,1403/12/12,1,"3,000,000","3,000,000",---,"3,000,000","3,000,000"
283,ناشناس (کارت 5041721203181525),---,5041721203181525,تک‌پرداخت / موردی,1404/02/04,1,"3,000,000","3,000,000",---,"3,000,000","3,000,000"
284,ناشناس (کارت 6037998200067808),---,6037998200067808,تک‌پرداخت / موردی,1404/06/06,1,"3,000,000","3,000,000",---,"3,000,000","3,000,000"
285,ناشناس (کارت 6280231313908856),---,6280231313908856,تک‌پرداخت / موردی,1404/09/10,1,"3,000,000","3,000,000",---,"3,000,000","3,000,000"
286,محمد امینی,---,---,تک‌پرداخت / موردی,1404/06/06,1,"3,000,000","3,000,000",---,"3,000,000","23,000,000"
287,ناشناس (کارت 6063731243067866),---,6063731243067866,نیکوکار جدید,1405/04/11,1,"2,500,000","2,500,000",عضویت جدید,"2,500,000","2,500,000"
288,ناشناس (کارت 5057851025463636),---,5057851025463636,تک‌پرداخت / موردی,1403/06/29,1,"2,500,000","2,500,000",---,"2,500,000","2,500,000"
289,ناشناس (کارت 5022291092750502),---,5022291092750502,تک‌پرداخت / موردی,1403/11/29,1,"2,500,000","2,500,000",---,"2,500,000","2,500,000"
290,ناشناس (کارت 6037998239097040),---,6037998239097040,روند کاهشی,1405/05/13,6,"500,000","383,333",-62% افت,"2,300,000","2,300,000"
291,سیامک آرین شکوه,---,---,تک‌پرداخت / موردی,1403/12/11,1,"2,000,000","2,000,000",---,"2,000,000","2,000,000"
292,ناشناس (کارت 6221061048715876),---,6221061048715876,تک‌پرداخت / موردی,1403/06/07,1,"2,000,000","2,000,000",---,"2,000,000","2,000,000"
293,ناشناس (کارت 6219861047678213),---,6219861047678213,تک‌پرداخت / موردی,1403/07/01,1,"2,000,000","2,000,000",---,"2,000,000","2,000,000"
294,ناشناس (کارت 5041721063335989),---,5041721063335989,تک‌پرداخت / موردی,1403/11/27,1,"2,000,000","2,000,000",---,"2,000,000","2,000,000"
295,ناشناس (کارت 6037991794511646),---,6037991794511646,تک‌پرداخت / موردی,1403/11/27,1,"2,000,000","2,000,000",---,"2,000,000","2,000,000"
296,ناشناس (کارت 5859831026504547),---,5859831026504547,تک‌پرداخت / موردی,1403/11/27,1,"2,000,000","2,000,000",---,"2,000,000","2,000,000"
297,ناشناس (کارت 5022291517680938),---,5022291517680938,تک‌پرداخت / موردی,1403/11/27,1,"2,000,000","2,000,000",---,"2,000,000","2,000,000"
298,ناشناس (کارت 6037991799769215),---,6037991799769215,تک‌پرداخت / موردی,1403/11/27,1,"2,000,000","2,000,000",---,"2,000,000","2,000,000"
299,ناشناس (کارت 5047061029155930),---,5047061029155930,تک‌پرداخت / موردی,1403/11/28,1,"2,000,000","2,000,000",---,"2,000,000","2,000,000"
300,ناشناس (کارت 6037997508479038),---,6037997508479038,تک‌پرداخت / موردی,1403/11/28,1,"2,000,000","2,000,000",---,"2,000,000","2,000,000"
301,ناشناس (کارت 6037697505637139),---,6037697505637139,تک‌پرداخت / موردی,1403/11/28,1,"2,000,000","2,000,000",---,"2,000,000","2,000,000"
302,ناشناس (کارت 6037697611104073),---,6037697611104073,تک‌پرداخت / موردی,1403/11/29,1,"2,000,000","2,000,000",---,"2,000,000","2,000,000"
303,ناشناس (کارت 5022291030604654),---,5022291030604654,تک‌پرداخت / موردی,1403/11/29,1,"2,000,000","2,000,000",---,"2,000,000","2,000,000"
304,ناشناس (کارت 5029381015368640),---,5029381015368640,تک‌پرداخت / موردی,1403/11/30,1,"2,000,000","2,000,000",---,"2,000,000","2,000,000"
305,ناشناس (کارت 6274881118791754),---,6274881118791754,تک‌پرداخت / موردی,1403/12/01,1,"2,000,000","2,000,000",---,"2,000,000","2,000,000"
306,ناشناس (کارت 5022291549846044),---,5022291549846044,تک‌پرداخت / موردی,1403/12/02,1,"2,000,000","2,000,000",---,"2,000,000","2,000,000"
307,ناشناس (کارت 6104338651347722),---,6104338651347722,تک‌پرداخت / موردی,1403/12/03,1,"2,000,000","2,000,000",---,"2,000,000","2,000,000"
308,ناشناس (کارت 6037997380893009),---,6037997380893009,تک‌پرداخت / موردی,1403/12/15,1,"2,000,000","2,000,000",---,"2,000,000","2,000,000"
309,ناشناس (کارت 6219861062890552),---,6219861062890552,تک‌پرداخت / موردی,1404/02/10,1,"2,000,000","2,000,000",---,"2,000,000","2,000,000"
310,ناشناس (کارت 6037697706570170),---,6037697706570170,تک‌پرداخت / موردی,1404/04/11,1,"2,000,000","2,000,000",---,"2,000,000","2,000,000"
311,ناشناس (کارت 6219861813311395),---,6219861813311395,تک‌پرداخت / موردی,1404/06/26,1,"2,000,000","2,000,000",---,"2,000,000","2,000,000"
312,ناشناس (کارت 6219861860036945),---,6219861860036945,تک‌پرداخت / موردی,1404/07/02,1,"2,000,000","2,000,000",---,"2,000,000","2,000,000"
313,خانم داراب منش,موردی,---,تک‌پرداخت / موردی,1403/08/08,1,"2,000,000","2,000,000",---,"2,000,000","3,000,000"
314,ناشناس (کارت 6104337879258877),---,6104337879258877,تک‌پرداخت / موردی,1403/11/29,1,"1,500,000","1,500,000",---,"1,500,000","1,500,000"
315,ناشناس (کارت 5859831812916202),---,5859831812916202,تک‌پرداخت / موردی,1404/06/31,1,"1,200,000","1,200,000",---,"1,200,000","1,200,000"
316,زهرا نوری جمشیدی,---,6219861944091387,نیازمند پیگیری,1404/07/19,2,"500,000","500,000",عدم واریز > ۳ ماه,"1,000,000","1,000,000"
317,اشکان مزیدی اصفهانی,---,---,تک‌پرداخت / موردی,1403/11/28,1,"1,000,000","1,000,000",---,"1,000,000","1,000,000"
318,منصور جواهرپسند,---,---,تک‌پرداخت / موردی,1403/12/02,1,"1,000,000","1,000,000",---,"1,000,000","1,000,000"
319,ناشناس (کارت 6037997949295241),---,6037997949295241,تک‌پرداخت / موردی,1403/11/28,1,"1,000,000","1,000,000",---,"1,000,000","1,000,000"
320,ناشناس (کارت 6274121182593970),---,6274121182593970,تک‌پرداخت / موردی,1403/11/28,1,"1,000,000","1,000,000",---,"1,000,000","1,000,000"
321,ناشناس (کارت 5892101556878987),---,5892101556878987,تک‌پرداخت / موردی,1403/11/28,1,"1,000,000","1,000,000",---,"1,000,000","1,000,000"
322,ناشناس (کارت 6221061100031360),---,6221061100031360,تک‌پرداخت / موردی,1403/11/28,1,"1,000,000","1,000,000",---,"1,000,000","1,000,000"
323,ناشناس (کارت 6037991777268107),---,6037991777268107,تک‌پرداخت / موردی,1403/11/28,1,"1,000,000","1,000,000",---,"1,000,000","1,000,000"
324,ناشناس (کارت 6274121177081213),---,6274121177081213,تک‌پرداخت / موردی,1403/11/28,1,"1,000,000","1,000,000",---,"1,000,000","1,000,000"
325,ناشناس (کارت 6037997163962849),---,6037997163962849,تک‌پرداخت / موردی,1403/11/28,1,"1,000,000","1,000,000",---,"1,000,000","1,000,000"
326,ناشناس (کارت 6104337306290238),---,6104337306290238,تک‌پرداخت / موردی,1403/11/28,1,"1,000,000","1,000,000",---,"1,000,000","1,000,000"
327,ناشناس (کارت 5859831228344460),---,5859831228344460,تک‌پرداخت / موردی,1403/11/29,1,"1,000,000","1,000,000",---,"1,000,000","1,000,000"
328,ناشناس (کارت 6037998279108269),---,6037998279108269,تک‌پرداخت / موردی,1403/12/02,1,"1,000,000","1,000,000",---,"1,000,000","1,000,000"
329,ناشناس (کارت 5041721004294931),---,5041721004294931,تک‌پرداخت / موردی,1403/12/02,1,"1,000,000","1,000,000",---,"1,000,000","1,000,000"
330,ناشناس (کارت 6037997405726200),---,6037997405726200,تک‌پرداخت / موردی,1403/12/02,1,"1,000,000","1,000,000",---,"1,000,000","1,000,000"
331,ناشناس (کارت 6104338994519797),---,6104338994519797,تک‌پرداخت / موردی,1403/12/02,1,"1,000,000","1,000,000",---,"1,000,000","1,000,000"
332,ناشناس (کارت 5859831023806879),---,5859831023806879,تک‌پرداخت / موردی,1403/12/02,1,"1,000,000","1,000,000",---,"1,000,000","1,000,000"
333,ناشناس (کارت 6037997567868402),---,6037997567868402,تک‌پرداخت / موردی,1403/12/03,1,"1,000,000","1,000,000",---,"1,000,000","1,000,000"
334,ناشناس (کارت 6037697650599621),---,6037697650599621,نیازمند پیگیری,1403/12/03,2,"500,000","500,000",عدم واریز > ۳ ماه,"1,000,000","1,000,000"
335,ناشناس (کارت 6037697693770833),---,6037697693770833,تک‌پرداخت / موردی,1403/12/03,1,"1,000,000","1,000,000",---,"1,000,000","1,000,000"
336,ناشناس (کارت 6221061232578387),---,6221061232578387,تک‌پرداخت / موردی,1403/12/03,1,"1,000,000","1,000,000",---,"1,000,000","1,000,000"
337,ناشناس (کارت 6104338952439277),---,6104338952439277,تک‌پرداخت / موردی,1403/12/04,1,"1,000,000","1,000,000",---,"1,000,000","1,000,000"
338,ناشناس (کارت 5022291055340523),---,5022291055340523,تک‌پرداخت / موردی,1403/12/04,1,"1,000,000","1,000,000",---,"1,000,000","1,000,000"
339,فرامرز سلیمانی,---,6037997277895331,تک‌پرداخت / موردی,1404/06/25,1,"1,000,000","1,000,000",---,"1,000,000","1,500,000"
340,ناشناس (کارت 6219861973337701),---,6219861973337701,تک‌پرداخت / موردی,1403/11/27,1,"990,000","990,000",---,"990,000","990,000"
341,ناشناس (کارت 6037998146553333),---,6037998146553333,تک‌پرداخت / موردی,1403/11/27,1,"600,000","600,000",---,"600,000","600,000"
342,ناشناس (کارت 6277601329812752),---,6277601329812752,تک‌پرداخت / موردی,1403/12/01,1,"500,000","500,000",---,"500,000","500,000"
343,ناشناس (کارت 6063731065823917),---,6063731065823917,تک‌پرداخت / موردی,1403/12/01,1,"500,000","500,000",---,"500,000","500,000"
344,ناشناس (کارت 6274121186328514),---,6274121186328514,تک‌پرداخت / موردی,1403/12/02,1,"500,000","500,000",---,"500,000","500,000"
345,ناشناس (کارت 6277601373671237),---,6277601373671237,تک‌پرداخت / موردی,1403/12/02,1,"500,000","500,000",---,"500,000","500,000"
346,ناشناس (کارت 6037697475482243),---,6037697475482243,تک‌پرداخت / موردی,1403/12/02,1,"500,000","500,000",---,"500,000","500,000"
347,ناشناس (کارت 6037991934384573),---,6037991934384573,تک‌پرداخت / موردی,1403/12/02,1,"500,000","500,000",---,"500,000","500,000"
348,ناشناس (کارت 6104338777726445),---,6104338777726445,تک‌پرداخت / موردی,1403/12/02,1,"500,000","500,000",---,"500,000","500,000"
349,ناشناس (کارت 5041721044827302),---,5041721044827302,تک‌پرداخت / موردی,1403/12/02,1,"500,000","500,000",---,"500,000","500,000"
350,ناشناس (کارت 5892101422556791),---,5892101422556791,تک‌پرداخت / موردی,1403/12/02,1,"500,000","500,000",---,"500,000","500,000"
351,ناشناس (کارت 5041721092251413),---,5041721092251413,تک‌پرداخت / موردی,1403/12/03,1,"500,000","500,000",---,"500,000","500,000"
352,ناشناس (کارت 6037697652892164),---,6037697652892164,تک‌پرداخت / موردی,1403/12/03,1,"500,000","500,000",---,"500,000","500,000"
353,ناشناس (کارت 6037697504034767),---,6037697504034767,تک‌پرداخت / موردی,1403/12/05,1,"500,000","500,000",---,"500,000","500,000"
354,ناشناس (کارت 6037701407187639),---,6037701407187639,تک‌پرداخت / موردی,1404/06/25,1,"500,000","500,000",---,"500,000","500,000"
355,ناشناس (کارت 6104337858714536),---,6104337858714536,تک‌پرداخت / موردی,1404/07/02,1,"500,000","500,000",---,"500,000","1,500,000"
356,ناشناس (کارت 6219861048022692),---,6219861048022692,تک‌پرداخت / موردی,1404/07/02,1,"500,000","500,000",---,"500,000","500,000"
357,سپیده میری حصاری,---,---,تک‌پرداخت / موردی,1404/07/02,1,"500,000","500,000",---,"500,000","41,500,000"
358,ناشناس (کارت 5022291530368537),---,5022291530368537,تک‌پرداخت / موردی,1403/12/16,1,"400,000","400,000",---,"400,000","400,000"
359,ناشناس (کارت 6037998199067835),---,6037998199067835,تک‌پرداخت / موردی,1403/07/28,1,"300,000","300,000",---,"300,000","300,000"
360,ناشناس (کارت 5859831220610694),---,5859831220610694,تک‌پرداخت / موردی,1403/12/02,1,"300,000","300,000",---,"300,000","300,000"
361,ناشناس (کارت 5022291056805656),---,5022291056805656,تک‌پرداخت / موردی,1403/11/27,1,"200,000","200,000",---,"200,000","200,000"
362,ناشناس (کارت 6104337672524954),---,6104337672524954,تک‌پرداخت / موردی,1403/12/03,1,"200,000","200,000",---,"200,000","200,000"
363,ناشناس (کارت 6219861905567904),---,6219861905567904,تک‌پرداخت / موردی,1404/06/26,1,"200,000","200,000",---,"200,000","200,000"
364,ناشناس (کارت 6037998234478187),---,6037998234478187,تک‌پرداخت / موردی,1403/12/02,1,"150,000","150,000",---,"150,000","150,000"
365,زهره نری میسا,---,6104338799384611,نیازمند پیگیری,1403/12/04,4,"30,000","30,000",عدم واریز > ۳ ماه,"120,000","120,000"
366,فاروق امیدی,---,---,تک‌پرداخت / موردی,1403/12/02,1,"100,000","100,000",---,"100,000","100,000"
367,ناشناس (کارت 5054161010703340),---,5054161010703340,تک‌پرداخت / موردی,1403/06/08,1,"100,000","100,000",---,"100,000","100,000"
368,ناشناس (کارت 6037701557455026),---,6037701557455026,تک‌پرداخت / موردی,1403/11/28,1,"100,000","100,000",---,"100,000","100,000"
369,ناشناس (کارت 5041721225932624),---,5041721225932624,تک‌پرداخت / موردی,1403/12/16,1,"100,000","100,000",---,"100,000","100,000"
370,ناشناس (کارت 6037697567680332),---,6037697567680332,تک‌پرداخت / موردی,1403/12/24,1,"100,000","100,000",---,"100,000","100,000"
371,ناشناس (کارت 6037698102532442),---,6037698102532442,تک‌پرداخت / موردی,1403/12/03,1,"50,000","50,000",---,"50,000","50,000"
